Timestamp,Temp
7/29/20 11:00,19.66
8/5/20 11:45,28.757
8/5/20 12:00,28.811
8/5/20 12:15,29.062
8/5/20 12:30,29.375
8/5/20 12:45,29.451
8/5/20 13:00,29.619
8/5/20 13:15,29.792
8/5/20 13:30,29.643
8/5/20 13:45,29.556
8/5/20 14:00,29.321
8/5/20 14:15,29.274
8/5/20 14:30,29.389
8/5/20 14:45,29.563
8/5/20 15:00,30.153
8/5/20 15:15,30.211
8/5/20 15:30,30.217
8/5/20 15:45,29.871
8/5/20 16:00,29.632
8/5/20 16:15,29.864
8/5/20 16:30,29.754
8/5/20 16:45,29.976
8/5/20 17:00,29.993
8/5/20 17:15,29.877
8/5/20 17:30,29.842
8/5/20 17:45,29.851
8/5/20 18:00,29.843
8/5/20 18:15,29.793
8/5/20 18:30,29.788
8/5/20 18:45,29.768
8/5/20 19:00,29.774
8/5/20 19:15,29.753
8/5/20 19:30,29.737
8/5/20 19:45,29.703
8/5/20 20:00,29.704
8/5/20 20:15,29.676
8/5/20 20:30,29.736
8/5/20 20:45,29.744
8/5/20 21:00,29.712
8/5/20 21:15,29.683
8/5/20 21:30,29.707
8/5/20 21:45,29.311
8/5/20 22:00,29.135
8/5/20 22:15,29.318
8/5/20 22:30,29.233
8/5/20 22:45,29.251
8/5/20 23:00,29.25
8/5/20 23:15,29.433
8/5/20 23:30,29.446
8/5/20 23:45,29.729
8/6/20 0:00,29.767
8/6/20 0:15,29.746
8/6/20 0:30,29.75
8/6/20 0:45,29.761
8/6/20 1:00,29.8
8/6/20 1:15,29.866
8/6/20 1:30,29.91
8/6/20 1:45,29.792
8/6/20 2:00,29.816
8/6/20 2:15,29.715
8/6/20 2:30,29.74
8/6/20 2:45,29.573
8/6/20 3:00,29.529
8/6/20 3:15,29.612
8/6/20 3:30,29.549
8/6/20 3:45,29.473
8/6/20 4:00,29.42
8/6/20 4:15,29.202
8/6/20 4:30,29.182
8/6/20 4:45,29.386
8/6/20 5:00,29.315
8/6/20 5:15,29.282
8/6/20 5:30,29.166
8/6/20 5:45,29.078
8/6/20 6:00,28.909
8/6/20 6:15,28.608
8/6/20 6:30,28.653
8/6/20 6:45,28.617
8/6/20 7:00,28.516
8/6/20 7:15,28.463
8/6/20 7:30,28.434
8/6/20 7:45,28.421
8/6/20 8:00,28.421
8/6/20 8:15,28.441
8/6/20 8:30,28.485
8/6/20 8:45,28.486
8/6/20 9:00,28.495
8/6/20 9:15,28.513
8/6/20 9:30,28.594
8/6/20 9:45,28.642
8/6/20 10:00,29.088
8/6/20 10:15,28.976
8/6/20 10:30,29.241
8/6/20 10:45,29.779
8/6/20 11:00,29.878
8/6/20 11:15,29.708
8/6/20 11:30,30.164
8/6/20 11:45,30.35
8/6/20 12:00,30.432
8/6/20 12:15,30.37
8/6/20 12:30,30.825
8/6/20 12:45,30.998
8/6/20 13:00,31.064
8/6/20 13:15,31.085
8/6/20 13:30,31.015
8/6/20 13:45,31.147
8/6/20 14:00,31.361
8/6/20 14:15,31.241
8/6/20 14:30,30.776
8/6/20 14:45,30.381
8/6/20 15:00,30.39
8/6/20 15:15,30.34
8/6/20 15:30,30.266
8/6/20 15:45,30.601
8/6/20 16:00,30.694
8/6/20 16:15,30.833
8/6/20 16:30,30.754
8/6/20 16:45,30.639
8/6/20 17:00,30.625
8/6/20 17:15,30.517
8/6/20 17:30,30.451
8/6/20 17:45,30.421
8/6/20 18:00,30.333
8/6/20 18:15,30.262
8/6/20 18:30,30.222
8/6/20 18:45,30.036
8/6/20 19:00,29.922
8/6/20 19:15,29.912
8/6/20 19:30,29.917
8/6/20 19:45,29.965
8/6/20 20:00,29.888
8/6/20 20:15,29.647
8/6/20 20:30,29.591
8/6/20 20:45,29.689
8/6/20 21:00,29.629
8/6/20 21:15,29.619
8/6/20 21:30,29.622
8/6/20 21:45,29.291
8/6/20 22:00,29.257
8/6/20 22:15,29.347
8/6/20 22:30,29.361
8/6/20 22:45,29.386
8/6/20 23:00,29.387
8/6/20 23:15,29.315
8/6/20 23:30,29.221
8/6/20 23:45,29.226
8/7/20 0:00,28.977
8/7/20 0:15,29.053
8/7/20 0:30,29.096
8/7/20 0:45,29.137
8/7/20 1:00,29.044
8/7/20 1:15,29.033
8/7/20 1:30,28.948
8/7/20 1:45,28.961
8/7/20 2:00,28.932
8/7/20 2:15,29.104
8/7/20 2:30,29.117
8/7/20 2:45,29.17
8/7/20 3:00,29.189
8/7/20 3:15,28.947
8/7/20 3:30,28.985
8/7/20 3:45,28.97
8/7/20 4:00,28.902
8/7/20 4:15,28.857
8/7/20 4:30,28.781
8/7/20 4:45,28.87
8/7/20 5:00,28.798
8/7/20 5:15,28.69
8/7/20 5:30,28.58
8/7/20 5:45,28.612
8/7/20 6:00,28.437
8/7/20 6:15,28.444
8/7/20 6:30,28.436
8/7/20 6:45,28.373
8/7/20 7:00,28.32
8/7/20 7:15,28.202
8/7/20 7:30,28.087
8/7/20 7:45,28.056
8/7/20 8:00,28.062
8/7/20 8:15,28.05
8/7/20 8:30,27.99
8/7/20 8:45,27.989
8/7/20 9:00,27.938
8/7/20 9:15,27.956
8/7/20 9:30,27.971
8/7/20 9:45,27.994
8/7/20 10:00,28.02
8/7/20 10:15,28.021
8/7/20 10:30,28.007
8/7/20 10:45,28.133
8/7/20 11:00,28.265
8/7/20 11:15,28.387
8/7/20 11:30,28.282
8/7/20 11:45,28.27
8/7/20 12:00,28.405
8/7/20 12:15,28.595
8/7/20 12:30,28.771
8/7/20 12:45,28.975
8/7/20 13:00,29.031
8/7/20 13:15,29.078
8/7/20 13:30,29.274
8/7/20 13:45,29.311
8/7/20 14:00,29.266
8/7/20 14:15,29.471
8/7/20 14:30,29.56
8/7/20 14:45,29.577
8/7/20 15:00,29.586
8/7/20 15:15,29.377
8/7/20 15:30,29.283
8/7/20 15:45,29.306
8/7/20 16:00,29.685
8/7/20 16:15,29.737
8/7/20 16:30,29.928
8/7/20 16:45,30.217
8/7/20 17:00,30.241
8/7/20 17:15,30.289
8/7/20 17:30,30.156
8/7/20 17:45,30.229
8/7/20 18:00,30.177
8/7/20 18:15,30.056
8/7/20 18:30,30.058
8/7/20 18:45,30.034
8/7/20 19:00,29.942
8/7/20 19:15,29.94
8/7/20 19:30,29.954
8/7/20 19:45,29.93
8/7/20 20:00,29.874
8/7/20 20:15,29.828
8/7/20 20:30,29.829
8/7/20 20:45,29.83
8/7/20 21:00,29.817
8/7/20 21:15,29.789
8/7/20 21:30,29.799
8/7/20 21:45,29.728
8/7/20 22:00,29.697
8/7/20 22:15,29.643
8/7/20 22:30,29.626
8/7/20 22:45,29.608
8/7/20 23:00,29.461
8/7/20 23:15,29.41
8/7/20 23:30,29.293
8/7/20 23:45,29.242
8/8/20 0:00,29.309
8/8/20 0:15,29.307
8/8/20 0:30,29.203
8/8/20 0:45,29.211
8/8/20 1:00,29.129
8/8/20 1:15,28.957
8/8/20 1:30,28.951
8/8/20 1:45,29.121
8/8/20 2:00,29.025
8/8/20 2:15,28.954
8/8/20 2:30,28.937
8/8/20 2:45,28.867
8/8/20 3:00,28.883
8/8/20 3:15,28.906
8/8/20 3:30,29.055
8/8/20 3:45,29.008
8/8/20 4:00,28.978
8/8/20 4:15,28.922
8/8/20 4:30,28.846
8/8/20 4:45,28.852
8/8/20 5:00,28.796
8/8/20 5:15,28.781
8/8/20 5:30,28.713
8/8/20 5:45,28.795
8/8/20 6:00,28.851
8/8/20 6:15,28.88
8/8/20 6:30,28.986
8/8/20 6:45,28.791
8/8/20 7:00,28.718
8/8/20 7:15,28.657
8/8/20 7:30,28.602
8/8/20 7:45,28.55
8/8/20 8:00,28.533
8/8/20 8:15,28.562
8/8/20 8:30,28.523
8/8/20 8:45,28.528
8/8/20 9:00,28.521
8/8/20 9:15,28.557
8/8/20 9:30,28.634
8/8/20 9:45,28.683
8/8/20 10:00,28.725
8/8/20 10:15,28.756
8/8/20 10:30,28.853
8/8/20 10:45,29.269
8/8/20 11:00,30.135
8/8/20 11:15,30.262
8/8/20 11:30,30.411
8/8/20 11:45,30.626
8/8/20 12:00,30.683
8/8/20 12:15,30.732
8/8/20 12:30,30.609
8/8/20 12:45,30.545
8/8/20 13:00,30.348
8/8/20 13:15,30.43
8/8/20 13:30,30.714
8/8/20 13:45,30.859
8/8/20 14:00,31.152
8/8/20 14:15,30.96
8/8/20 14:30,30.989
8/8/20 14:45,30.935
8/8/20 15:00,30.955
8/8/20 15:15,30.661
8/8/20 15:30,30.782
8/8/20 15:45,30.506
8/8/20 16:00,30.19
8/8/20 16:15,30.475
8/8/20 16:30,30.415
8/8/20 16:45,30.296
8/8/20 17:00,30.408
8/8/20 17:15,30.505
8/8/20 17:30,30.511
8/8/20 17:45,30.53
8/8/20 18:00,30.447
8/8/20 18:15,30.445
8/8/20 18:30,30.406
8/8/20 18:45,30.279
8/8/20 19:00,30.282
8/8/20 19:15,30.192
8/8/20 19:30,30.375
8/8/20 19:45,30.147
8/8/20 20:00,30.149
8/8/20 20:15,30.238
8/8/20 20:30,30.375
8/8/20 20:45,30.208
8/8/20 21:00,30.229
8/8/20 21:15,30.27
8/8/20 21:30,30.312
8/8/20 21:45,30.297
8/8/20 22:00,30.253
8/8/20 22:15,30.192
8/8/20 22:30,30.099
8/8/20 22:45,30.089
8/8/20 23:00,30.052
8/8/20 23:15,30.042
8/8/20 23:30,29.978
8/8/20 23:45,29.984
8/9/20 0:00,29.788
8/9/20 0:15,29.59
8/9/20 0:30,29.633
8/9/20 0:45,29.64
8/9/20 1:00,29.606
8/9/20 1:15,29.645
8/9/20 1:30,29.635
8/9/20 1:45,29.592
8/9/20 2:00,29.616
8/9/20 2:15,29.592
8/9/20 2:30,29.593
8/9/20 2:45,29.556
8/9/20 3:00,29.546
8/9/20 3:15,29.512
8/9/20 3:30,29.5
8/9/20 3:45,29.491
8/9/20 4:00,29.484
8/9/20 4:15,29.429
8/9/20 4:30,29.431
8/9/20 4:45,29.405
8/9/20 5:00,29.4
8/9/20 5:15,29.325
8/9/20 5:30,29.291
8/9/20 5:45,29.23
8/9/20 6:00,29.242
8/9/20 6:15,29.223
8/9/20 6:30,29.118
8/9/20 6:45,29.084
8/9/20 7:00,29.078
8/9/20 7:15,28.96
8/9/20 7:30,28.92
8/9/20 7:45,28.867
8/9/20 8:00,29.007
8/9/20 8:15,28.772
8/9/20 8:30,28.856
8/9/20 8:45,29.03
8/9/20 9:00,28.994
8/9/20 9:15,29.144
8/9/20 9:30,28.874
8/9/20 9:45,28.914
8/9/20 10:00,29.007
8/9/20 10:15,29.179
8/9/20 10:30,29.801
8/9/20 10:45,30.043
8/9/20 11:00,30.234
8/9/20 11:15,30.459
8/9/20 11:30,30.734
8/9/20 11:45,30.741
8/9/20 12:00,30.927
8/9/20 12:15,31.13
8/9/20 12:30,31.447
8/9/20 12:45,31.549
8/9/20 13:00,31.484
8/9/20 13:15,31.392
8/9/20 13:30,32.008
8/9/20 13:45,31.474
8/9/20 14:00,31.613
8/9/20 14:15,31.901
8/9/20 14:30,31.918
8/9/20 14:45,31.943
8/9/20 15:00,31.977
8/9/20 15:15,32.23
8/9/20 15:30,32.158
8/9/20 15:45,32.016
8/9/20 16:00,31.838
8/9/20 16:15,31.918
8/9/20 16:30,31.923
8/9/20 16:45,31.906
8/9/20 17:00,31.809
8/9/20 17:15,31.628
8/9/20 17:30,31.747
8/9/20 17:45,31.918
8/9/20 18:00,31.792
8/9/20 18:15,31.915
8/9/20 18:30,31.952
8/9/20 18:45,31.875
8/9/20 19:00,31.91
8/9/20 19:15,31.837
8/9/20 19:30,31.763
8/9/20 19:45,31.732
8/9/20 20:00,31.677
8/9/20 20:15,31.375
8/9/20 20:30,31.419
8/9/20 20:45,31.497
8/9/20 21:00,31.442
8/9/20 21:15,31.341
8/9/20 21:30,31.231
8/9/20 21:45,31.122
8/9/20 22:00,31.109
8/9/20 22:15,31.046
8/9/20 22:30,31.005
8/9/20 22:45,31.019
8/9/20 23:00,30.95
8/9/20 23:15,30.94
8/9/20 23:30,30.955
8/9/20 23:45,30.942
8/10/20 0:00,30.883
8/10/20 0:15,30.853
8/10/20 0:30,30.773
8/10/20 0:45,30.687
8/10/20 1:00,30.749
8/10/20 1:15,30.542
8/10/20 1:30,30.623
8/10/20 1:45,30.685
8/10/20 2:00,30.304
8/10/20 2:15,30.223
8/10/20 2:30,30.237
8/10/20 2:45,30.237
8/10/20 3:00,30.216
8/10/20 3:15,30.124
8/10/20 3:30,30.129
8/10/20 3:45,30.117
8/10/20 4:00,30.102
8/10/20 4:15,30.035
8/10/20 4:30,30.02
8/10/20 4:45,30.072
8/10/20 5:00,30.119
8/10/20 5:15,30.059
8/10/20 5:30,29.871
8/10/20 5:45,29.817
8/10/20 6:00,29.78
8/10/20 6:15,29.774
8/10/20 6:30,29.688
8/10/20 6:45,29.574
8/10/20 7:00,29.55
8/10/20 7:15,29.567
8/10/20 7:30,29.538
8/10/20 7:45,29.498
8/10/20 8:00,29.431
8/10/20 8:15,29.639
8/10/20 8:30,29.702
8/10/20 8:45,29.707
8/10/20 9:00,29.626
8/10/20 9:15,29.669
8/10/20 9:30,29.755
8/10/20 9:45,29.863
8/10/20 10:00,30.146
8/10/20 10:15,30.346
8/10/20 10:30,30.606
8/10/20 10:45,30.739
8/10/20 11:00,30.898
8/10/20 11:15,31.039
8/10/20 11:30,31.196
8/10/20 11:45,31.127
8/10/20 12:00,31.414
8/10/20 12:15,31.532
8/10/20 12:30,31.558
8/10/20 12:45,31.539
8/10/20 13:00,31.541
8/10/20 13:15,31.645
8/10/20 13:30,31.791
8/10/20 13:45,31.758
8/10/20 14:00,31.788
8/10/20 14:15,31.857
8/10/20 14:30,31.893
8/10/20 14:45,32.741
8/10/20 15:00,32.048
8/10/20 15:15,31.961
8/10/20 15:30,31.974
8/10/20 15:45,32.24
8/10/20 16:00,32.399
8/10/20 16:15,32.572
8/10/20 16:30,32.755
8/10/20 16:45,32.734
8/10/20 17:00,32.683
8/10/20 17:15,31.869
8/10/20 17:30,32.419
8/10/20 17:45,32.217
8/10/20 18:00,32.489
8/10/20 18:15,32.608
8/10/20 18:30,32.511
8/10/20 18:45,32.376
8/10/20 19:00,32.361
8/10/20 19:15,32.219
8/10/20 19:30,32.137
8/10/20 19:45,31.99
8/10/20 20:00,31.961
8/10/20 20:15,31.951
8/10/20 20:30,31.862
8/10/20 20:45,31.823
8/10/20 21:00,31.747
8/10/20 21:15,31.681
8/10/20 21:30,31.622
8/10/20 21:45,31.666
8/10/20 22:00,31.863
8/10/20 22:15,31.839
8/10/20 22:30,31.763
8/10/20 22:45,31.733
8/10/20 23:00,31.75
8/10/20 23:15,31.745
8/10/20 23:30,31.704
8/10/20 23:45,31.644
8/11/20 0:00,31.597
8/11/20 0:15,31.53
8/11/20 0:30,31.446
8/11/20 0:45,31.413
8/11/20 1:00,31.367
8/11/20 1:15,31.356
8/11/20 1:30,31.259
8/11/20 1:45,30.924
8/11/20 2:00,30.779
8/11/20 2:15,30.81
8/11/20 2:30,30.72
8/11/20 2:45,30.758
8/11/20 3:00,30.816
8/11/20 3:15,30.846
8/11/20 3:30,30.892
8/11/20 3:45,30.848
8/11/20 4:00,30.813
8/11/20 4:15,30.591
8/11/20 4:30,30.533
8/11/20 4:45,30.394
8/11/20 5:00,30.331
8/11/20 5:15,30.291
8/11/20 5:30,30.266
8/11/20 5:45,30.234
8/11/20 6:00,30.246
8/11/20 6:15,30.139
8/11/20 6:30,29.966
8/11/20 6:45,29.956
8/11/20 7:00,29.997
8/11/20 7:15,29.878
8/11/20 7:30,29.709
8/11/20 7:45,29.726
8/11/20 8:00,29.699
8/11/20 8:15,29.685
8/11/20 8:30,29.661
8/11/20 8:45,29.726
8/11/20 9:00,29.764
8/11/20 9:15,29.749
8/11/20 9:30,29.835
8/11/20 9:45,29.939
8/11/20 10:00,30.031
8/11/20 10:15,30.112
8/11/20 10:30,30.203
8/11/20 10:45,30.396
8/11/20 11:00,30.417
8/11/20 11:15,31.133
8/11/20 11:30,31.391
8/11/20 11:45,31.59
8/11/20 12:00,31.794
8/11/20 12:15,31.9
8/11/20 12:30,32.019
8/11/20 12:45,32.091
8/11/20 13:00,32.135
8/11/20 13:15,32.084
8/11/20 13:30,32.024
8/11/20 13:45,32.031
8/11/20 14:00,32.099
8/11/20 14:15,32.227
8/11/20 14:30,32.429
8/11/20 14:45,32.405
8/11/20 15:00,32.345
8/11/20 15:15,32.833
8/11/20 15:30,32.345
8/11/20 15:45,32.166
8/11/20 16:00,32.175
8/11/20 16:15,32.154
8/11/20 16:30,32.192
8/11/20 16:45,32.297
8/11/20 17:00,32.349
8/11/20 17:15,32.36
8/11/20 17:30,32.354
8/11/20 17:45,32.342
8/11/20 18:00,32.323
8/11/20 18:15,32.472
8/11/20 18:30,32.498
8/11/20 18:45,32.554
8/11/20 19:00,32.336
8/11/20 19:15,32.277
8/11/20 19:30,32.26
8/11/20 19:45,32.365
8/11/20 20:00,32.07
8/11/20 20:15,32.047
8/11/20 20:30,32.097
8/11/20 20:45,32.084
8/11/20 21:00,32.036
8/11/20 21:15,31.994
8/11/20 21:30,31.967
8/11/20 21:45,31.816
8/11/20 22:00,31.739
8/11/20 22:15,31.688
8/11/20 22:30,31.61
8/11/20 22:45,31.54
8/11/20 23:00,31.606
8/11/20 23:15,31.339
8/11/20 23:30,31.195
8/11/20 23:45,31.076
8/12/20 0:00,31.034
8/12/20 0:15,31.049
8/12/20 0:30,31.054
8/12/20 0:45,30.933
8/12/20 1:00,30.792
8/12/20 1:15,30.828
8/12/20 1:30,30.91
8/12/20 1:45,30.773
8/12/20 2:00,30.909
8/12/20 2:15,30.936
8/12/20 2:30,30.95
8/12/20 2:45,30.911
8/12/20 3:00,30.954
8/12/20 3:15,30.94
8/12/20 3:30,30.797
8/12/20 3:45,30.819
8/12/20 4:00,30.802
8/12/20 4:15,30.798
8/12/20 4:30,30.729
8/12/20 4:45,30.66
8/12/20 5:00,30.733
8/12/20 5:15,30.628
8/12/20 5:30,30.562
8/12/20 5:45,30.586
8/12/20 6:00,30.565
8/12/20 6:15,30.535
8/12/20 6:30,30.531
8/12/20 6:45,30.536
8/12/20 7:00,30.535
8/12/20 7:15,30.48
8/12/20 7:30,30.295
8/12/20 7:45,30.06
8/12/20 8:00,29.992
8/12/20 8:15,29.966
8/12/20 8:30,29.954
8/12/20 8:45,30.12
8/12/20 9:00,30.1
8/12/20 9:15,30.111
8/12/20 9:30,30.197
8/12/20 9:45,30.19
8/12/20 10:00,30.351
8/12/20 10:15,30.616
8/12/20 10:30,30.755
8/12/20 10:45,30.923
8/12/20 11:00,31.106
8/12/20 11:15,31.333
8/12/20 11:30,31.658
8/12/20 11:45,31.856
8/12/20 12:00,32.139
8/12/20 12:15,32.389
8/12/20 12:30,32.407
8/12/20 12:45,32.692
8/12/20 13:00,32.862
8/12/20 13:15,32.679
8/12/20 13:30,32.809
8/12/20 13:45,32.608
8/12/20 14:00,32.932
8/12/20 14:15,32.576
8/12/20 14:30,32.544
8/12/20 14:45,32.275
8/12/20 15:00,32.144
8/12/20 15:15,32.225
8/12/20 15:30,32.157
8/12/20 15:45,32.098
8/12/20 16:00,32.062
8/12/20 16:15,32.131
8/12/20 16:30,32.118
8/12/20 16:45,32.049
8/12/20 17:00,31.667
8/12/20 17:15,31.512
8/12/20 17:30,31.317
8/12/20 17:45,31.253
8/12/20 18:00,31.22
8/12/20 18:15,31.247
8/12/20 18:30,31.646
8/12/20 18:45,31.662
8/12/20 19:00,31.624
8/12/20 19:15,31.576
8/12/20 19:30,31.455
8/12/20 19:45,31.272
8/12/20 20:00,31.241
8/12/20 20:15,31.189
8/12/20 20:30,31.095
8/12/20 20:45,31.058
8/12/20 21:00,31.076
8/12/20 21:15,30.98
8/12/20 21:30,30.955
8/12/20 21:45,30.92
8/12/20 22:00,30.913
8/12/20 22:15,30.986
8/12/20 22:30,31.054
8/12/20 22:45,31.034
8/12/20 23:00,30.808
8/12/20 23:15,30.7
8/12/20 23:30,30.758
8/12/20 23:45,30.855
8/13/20 0:00,30.859
8/13/20 0:15,30.866
8/13/20 0:30,30.85
8/13/20 0:45,30.802
8/13/20 1:00,30.743
8/13/20 1:15,30.693
8/13/20 1:30,30.608
8/13/20 1:45,30.565
8/13/20 2:00,30.617
8/13/20 2:15,30.664
8/13/20 2:30,30.584
8/13/20 2:45,30.587
8/13/20 3:00,30.56
8/13/20 3:15,30.506
8/13/20 3:30,30.361
8/13/20 3:45,30.371
8/13/20 4:00,30.344
8/13/20 4:15,30.315
8/13/20 4:30,30.319
8/13/20 4:45,30.271
8/13/20 5:00,30.256
8/13/20 5:15,30.206
8/13/20 5:30,30.171
8/13/20 5:45,30.14
8/13/20 6:00,30.072
8/13/20 6:15,30.059
8/13/20 6:30,30.074
8/13/20 6:45,30.064
8/13/20 7:00,30.022
8/13/20 7:15,29.976
8/13/20 7:30,30.014
8/13/20 7:45,29.997
8/13/20 8:00,29.985
8/13/20 8:15,29.98
8/13/20 8:30,29.994
8/13/20 8:45,30.021
8/13/20 9:00,29.952
8/13/20 9:15,29.971
8/13/20 9:30,30.035
8/13/20 9:45,30.072
8/13/20 10:00,30.13
8/13/20 10:15,30.206
8/13/20 10:30,30.235
8/13/20 10:45,30.324
8/13/20 11:00,30.324
8/13/20 11:15,30.448
8/13/20 11:30,30.453
8/13/20 11:45,30.436
8/13/20 12:00,30.553
8/13/20 12:15,31.125
8/13/20 12:30,31.282
8/13/20 12:45,31.348
8/13/20 13:00,31.182
8/13/20 13:15,31.113
8/13/20 13:30,31.15
8/13/20 13:45,31.084
8/13/20 14:00,31.12
8/13/20 14:15,30.901
8/13/20 14:30,30.901
8/13/20 14:45,30.895
8/13/20 15:00,30.911
8/13/20 15:15,30.912
8/13/20 15:30,30.834
8/13/20 15:45,30.825
8/13/20 16:00,30.695
8/13/20 16:15,30.706
8/13/20 16:30,30.592
8/13/20 16:45,30.516
8/13/20 17:00,30.474
8/13/20 17:15,30.463
8/13/20 17:30,30.489
8/13/20 17:45,30.495
8/13/20 18:00,30.5
8/13/20 18:15,30.491
8/13/20 18:30,30.494
8/13/20 18:45,30.471
8/13/20 19:00,30.436
8/13/20 19:15,30.436
8/13/20 19:30,30.416
8/13/20 19:45,30.469
8/13/20 20:00,30.48
8/13/20 20:15,30.476
8/13/20 20:30,30.457
8/13/20 20:45,30.373
8/13/20 21:00,30.26
8/13/20 21:15,30.272
8/13/20 21:30,30.275
8/13/20 21:45,30.223
8/13/20 22:00,30.227
8/13/20 22:15,30.128
8/13/20 22:30,30.085
8/13/20 22:45,30.126
8/13/20 23:00,30.11
8/13/20 23:15,30.073
8/13/20 23:30,30.021
8/13/20 23:45,30.015
8/14/20 0:00,29.988
8/14/20 0:15,29.965
8/14/20 0:30,29.91
8/14/20 0:45,29.909
8/14/20 1:00,29.868
8/14/20 1:15,29.818
8/14/20 1:30,29.796
8/14/20 1:45,29.759
8/14/20 2:00,29.726
8/14/20 2:15,29.61
8/14/20 2:30,29.567
8/14/20 2:45,29.582
8/14/20 3:00,29.612
8/14/20 3:15,29.527
8/14/20 3:30,29.506
8/14/20 3:45,29.521
8/14/20 4:00,29.534
8/14/20 4:15,29.58
8/14/20 4:30,29.585
8/14/20 4:45,29.511
8/14/20 5:00,29.541
8/14/20 5:15,29.491
8/14/20 5:30,29.447
8/14/20 5:45,29.476
8/14/20 6:00,29.489
8/14/20 6:15,29.529
8/14/20 6:30,29.551
8/14/20 6:45,29.454
8/14/20 7:00,29.488
8/14/20 7:15,29.514
8/14/20 7:30,29.572
8/14/20 7:45,29.479
8/14/20 8:00,29.427
8/14/20 8:15,29.418
8/14/20 8:30,29.398
8/14/20 8:45,29.364
8/14/20 9:00,29.292
8/14/20 9:15,29.262
8/14/20 9:30,29.279
8/14/20 9:45,29.307
8/14/20 10:00,29.343
8/14/20 10:15,29.553
8/14/20 10:30,29.664
8/14/20 10:45,29.658
8/14/20 11:00,29.565
8/14/20 11:15,29.535
8/14/20 11:30,29.551
8/14/20 11:45,29.615
8/14/20 12:00,29.49
8/14/20 12:15,29.427
8/14/20 12:30,29.445
8/14/20 12:45,29.444
8/14/20 13:00,29.782
8/14/20 13:15,29.835
8/14/20 13:30,30.355
8/14/20 13:45,30.127
8/14/20 14:00,29.922
8/14/20 14:15,29.943
8/14/20 14:30,29.943
8/14/20 14:45,30.39
8/14/20 15:00,30.658
8/14/20 15:15,30.608
8/14/20 15:30,30.577
8/14/20 15:45,30.509
8/14/20 16:00,30.183
8/14/20 16:15,30.332
8/14/20 16:30,30.124
8/14/20 16:45,30.059
8/14/20 17:00,30.067
8/14/20 17:15,30.081
8/14/20 17:30,30.032
8/14/20 17:45,30.064
8/14/20 18:00,30.067
8/14/20 18:15,30.071
8/14/20 18:30,30.063
8/14/20 18:45,29.961
8/14/20 19:00,29.939
8/14/20 19:15,29.9
8/14/20 19:30,29.854
8/14/20 19:45,29.842
8/14/20 20:00,29.82
8/14/20 20:15,29.808
8/14/20 20:30,29.787
8/14/20 20:45,29.9
8/14/20 21:00,29.872
8/14/20 21:15,29.832
8/14/20 21:30,29.823
8/14/20 21:45,29.737
8/14/20 22:00,29.653
8/14/20 22:15,29.64
8/14/20 22:30,29.653
8/14/20 22:45,29.632
8/14/20 23:00,29.608
8/14/20 23:15,29.61
8/14/20 23:30,29.609
8/14/20 23:45,29.495
8/15/20 0:00,29.566
8/15/20 0:15,29.471
8/15/20 0:30,29.526
8/15/20 0:45,29.477
8/15/20 1:00,29.435
8/15/20 1:15,29.365
8/15/20 1:30,29.363
8/15/20 1:45,29.289
8/15/20 2:00,29.198
8/15/20 2:15,29.253
8/15/20 2:30,29.154
8/15/20 2:45,29.123
8/15/20 3:00,28.841
8/15/20 3:15,28.967
8/15/20 3:30,28.531
8/15/20 3:45,28.443
8/15/20 4:00,28.221
8/15/20 4:15,28.063
8/15/20 4:30,28.115
8/15/20 4:45,28.091
8/15/20 5:00,28.361
8/15/20 5:15,28.43
8/15/20 5:30,28.534
8/15/20 5:45,28.684
8/15/20 6:00,28.608
8/15/20 6:15,28.649
8/15/20 6:30,28.721
8/15/20 6:45,28.823
8/15/20 7:00,28.862
8/15/20 7:15,28.98
8/15/20 7:30,29.044
8/15/20 7:45,28.935
8/15/20 8:00,29.026
8/15/20 8:15,28.915
8/15/20 8:30,29.105
8/15/20 8:45,29.071
8/15/20 9:00,29.076
8/15/20 9:15,29.094
8/15/20 9:30,29.026
8/15/20 9:45,28.979
8/15/20 10:00,29.131
8/15/20 10:15,29.093
8/15/20 10:30,29.059
8/15/20 10:45,29.032
8/15/20 11:00,29.095
8/15/20 11:15,29.025
8/15/20 11:30,28.972
8/15/20 11:45,28.839
8/15/20 12:00,28.834
8/15/20 12:15,28.84
8/15/20 12:30,28.715
8/15/20 12:45,28.613
8/15/20 13:00,28.584
8/15/20 13:15,28.555
8/15/20 13:30,28.532
8/15/20 13:45,28.419
8/15/20 14:00,28.372
8/15/20 14:15,28.357
8/15/20 14:30,28.128
8/15/20 14:45,27.853
8/15/20 15:00,27.828
8/15/20 15:15,27.612
8/15/20 15:30,27.587
8/15/20 15:45,27.615
8/15/20 16:00,27.901
8/15/20 16:15,27.797
8/15/20 16:30,27.691
8/15/20 16:45,26.824
8/15/20 17:00,26.932
8/15/20 17:15,27.138
8/15/20 17:30,27.582
8/15/20 17:45,27.588
8/15/20 18:00,27.573
8/15/20 18:15,27.817
8/15/20 18:30,27.809
8/15/20 18:45,27.789
8/15/20 19:00,27.815
8/15/20 19:15,28.033
8/15/20 19:30,28.026
8/15/20 19:45,28.012
8/15/20 20:00,27.992
8/15/20 20:15,28.247
8/15/20 20:30,28.245
8/15/20 20:45,28.235
8/15/20 21:00,27.982
8/15/20 21:15,27.895
8/15/20 21:30,27.854
8/15/20 21:45,27.91
8/15/20 22:00,28.098
8/15/20 22:15,28.197
8/15/20 22:30,28.088
8/15/20 22:45,28.02
8/15/20 23:00,27.998
8/15/20 23:15,27.976
8/15/20 23:30,27.951
8/15/20 23:45,27.912
8/16/20 0:00,27.812
8/16/20 0:15,27.817
8/16/20 0:30,27.71
8/16/20 0:45,27.689
8/16/20 1:00,27.587
8/16/20 1:15,27.519
8/16/20 1:30,27.418
8/16/20 1:45,27.307
8/16/20 2:00,27.243
8/16/20 2:15,27.151
8/16/20 2:30,27.083
8/16/20 2:45,26.913
8/16/20 3:00,26.945
8/16/20 3:15,26.722
8/16/20 3:30,26.742
8/16/20 3:45,26.586
8/16/20 4:00,26.48
8/16/20 4:15,26.321
8/16/20 4:30,26.448
8/16/20 4:45,26.325
8/16/20 5:00,26.321
8/16/20 5:15,26.271
8/16/20 5:30,26.237
8/16/20 5:45,26.2
8/16/20 6:00,26.202
8/16/20 6:15,26.033
8/16/20 6:30,24.932
8/16/20 6:45,25.113
8/16/20 7:00,25.006
8/16/20 7:15,24.889
8/16/20 7:30,25.064
8/16/20 7:45,25.689
8/16/20 8:00,25.363
8/16/20 8:15,25.371
8/16/20 8:30,25.404
8/16/20 8:45,25.414
8/16/20 9:00,25.411
8/16/20 9:15,25.438
8/16/20 9:30,25.701
8/16/20 9:45,25.766
8/16/20 10:00,25.631
8/16/20 10:15,25.655
8/16/20 10:30,25.645
8/16/20 10:45,25.589
8/16/20 11:00,25.596
8/16/20 11:15,25.85
8/16/20 11:30,25.966
8/16/20 11:45,25.938
8/16/20 12:00,25.928
8/16/20 12:15,25.936
8/16/20 12:30,25.916
8/16/20 12:45,25.788
8/16/20 13:00,25.745
8/16/20 13:15,25.798
8/16/20 13:30,25.806
8/16/20 13:45,25.837
8/16/20 14:00,25.995
8/16/20 14:15,25.961
8/16/20 14:30,26.04
8/16/20 14:45,25.953
8/16/20 15:00,26.026
8/16/20 15:15,26.122
8/16/20 15:30,26.153
8/16/20 15:45,26.023
8/16/20 16:00,26.06
8/16/20 16:15,25.758
8/16/20 16:30,25.307
8/16/20 16:45,25.174
8/16/20 17:00,25.144
8/16/20 17:15,25.128
8/16/20 17:30,25.401
8/16/20 17:45,25.613
8/16/20 18:00,25.639
8/16/20 18:15,25.997
8/16/20 18:30,25.997
8/16/20 18:45,25.926
8/16/20 19:00,25.726
8/16/20 19:15,25.697
8/16/20 19:30,25.826
8/16/20 19:45,25.872
8/16/20 20:00,25.901
8/16/20 20:15,25.892
8/16/20 20:30,26.261
8/16/20 20:45,26.316
8/16/20 21:00,26.331
8/16/20 21:15,26.301
8/16/20 21:30,26.295
8/16/20 21:45,26.262
8/16/20 22:00,26.304
8/16/20 22:15,26.229
8/16/20 22:30,26.573
8/16/20 22:45,26.493
8/16/20 23:00,26.41
8/16/20 23:15,26.356
8/16/20 23:30,26.322
8/16/20 23:45,26.274
8/17/20 0:00,26.203
8/17/20 0:15,26.195
8/17/20 0:30,26.151
8/17/20 0:45,26.178
8/17/20 1:00,26.095
8/17/20 1:15,26.069
8/17/20 1:30,26.044
8/17/20 1:45,25.993
8/17/20 2:00,25.978
8/17/20 2:15,25.984
8/17/20 2:30,25.944
8/17/20 2:45,25.924
8/17/20 3:00,25.894
8/17/20 3:15,25.93
8/17/20 3:30,25.891
8/17/20 3:45,25.814
8/17/20 4:00,25.827
8/17/20 4:15,25.75
8/17/20 4:30,25.667
8/17/20 4:45,25.657
8/17/20 5:00,25.642
8/17/20 5:15,25.621
8/17/20 5:30,25.591
8/17/20 5:45,25.56
8/17/20 6:00,25.494
8/17/20 6:15,25.361
8/17/20 6:30,25.348
8/17/20 6:45,25.352
8/17/20 7:00,24.919
8/17/20 7:15,25.244
8/17/20 7:30,25.273
8/17/20 7:45,25.177
8/17/20 8:00,25.183
8/17/20 8:15,25.234
8/17/20 8:30,25.253
8/17/20 8:45,25.288
8/17/20 9:00,25.303
8/17/20 9:15,25.375
8/17/20 9:30,25.803
8/17/20 9:45,26.034
8/17/20 10:00,26.002
8/17/20 10:15,26.138
8/17/20 10:30,26.179
8/17/20 10:45,26.153
8/17/20 11:00,25.982
8/17/20 11:15,25.91
8/17/20 11:30,25.936
8/17/20 11:45,26.313
8/17/20 12:00,26.51
8/17/20 12:15,26.808
8/17/20 12:30,27.037
8/17/20 12:45,27.061
8/17/20 13:00,26.813
8/17/20 13:15,27.121
8/17/20 13:30,27.393
8/17/20 13:45,27.046
8/17/20 14:00,26.78
8/17/20 14:15,26.778
8/17/20 14:30,26.83
8/17/20 14:45,26.862
8/17/20 15:00,26.927
8/17/20 15:15,28.06
8/17/20 15:30,26.684
8/17/20 15:45,27.549
8/17/20 16:00,28.041
8/17/20 16:15,28.382
8/17/20 16:30,28.517
8/17/20 16:45,27.699
8/17/20 17:00,27.822
8/17/20 17:15,27.713
8/17/20 17:30,27.863
8/17/20 17:45,28.035
8/17/20 18:00,27.88
8/17/20 18:15,27.989
8/17/20 18:30,27.775
8/17/20 18:45,27.967
8/17/20 19:00,27.761
8/17/20 19:15,27.529
8/17/20 19:30,27.411
8/17/20 19:45,27.212
8/17/20 20:00,27.545
8/17/20 20:15,27.894
8/17/20 20:30,27.94
8/17/20 20:45,27.872
8/17/20 21:00,27.947
8/17/20 21:15,27.788
8/17/20 21:30,27.746
8/17/20 21:45,27.744
8/17/20 22:00,27.726
8/17/20 22:15,27.711
8/17/20 22:30,27.651
8/17/20 22:45,27.623
8/17/20 23:00,27.618
8/17/20 23:15,27.653
8/17/20 23:30,27.654
8/17/20 23:45,27.622
8/18/20 0:00,27.574
8/18/20 0:15,27.545
8/18/20 0:30,27.533
8/18/20 0:45,27.459
8/18/20 1:00,27.454
8/18/20 1:15,27.408
8/18/20 1:30,27.387
8/18/20 1:45,27.371
8/18/20 2:00,27.325
8/18/20 2:15,27.267
8/18/20 2:30,27.251
8/18/20 2:45,27.198
8/18/20 3:00,27.167
8/18/20 3:15,27.166
8/18/20 3:30,27.118
8/18/20 3:45,27.089
8/18/20 4:00,27.186
8/18/20 4:15,27.135
8/18/20 4:30,27.078
8/18/20 4:45,27.075
8/18/20 5:00,26.986
8/18/20 5:15,26.988
8/18/20 5:30,26.917
8/18/20 5:45,26.882
8/18/20 6:00,26.861
8/18/20 6:15,26.748
8/18/20 6:30,26.718
8/18/20 6:45,26.71
8/18/20 7:00,26.674
8/18/20 7:15,26.663
8/18/20 7:30,26.74
8/18/20 7:45,26.639
8/18/20 8:00,26.782
8/18/20 8:15,26.682
8/18/20 8:30,26.602
8/18/20 8:45,26.766
8/18/20 9:00,26.926
8/18/20 9:15,26.958
8/18/20 9:30,27.034
8/18/20 9:45,27.134
8/18/20 10:00,27.236
8/18/20 10:15,27.368
8/18/20 10:30,27.238
8/18/20 10:45,27.325
8/18/20 11:00,27.535
8/18/20 11:15,27.55
8/18/20 11:30,27.585
8/18/20 11:45,27.529
8/18/20 12:00,27.521
8/18/20 12:15,27.459
8/18/20 12:30,27.869
8/18/20 12:45,27.941
8/18/20 13:00,28.167
8/18/20 13:15,28.409
8/18/20 13:30,28.408
8/18/20 13:45,28.627
8/18/20 14:00,28.777
8/18/20 14:15,28.804
8/18/20 14:30,29.48
8/18/20 14:45,28.854
8/18/20 15:00,29.027
8/18/20 15:15,29.007
8/18/20 15:30,28.943
8/18/20 15:45,28.918
8/18/20 16:00,28.927
8/18/20 16:15,29.09
8/18/20 16:30,29.26
8/18/20 16:45,29.16
8/18/20 17:00,29.138
8/18/20 17:15,29.145
8/18/20 17:30,29.169
8/18/20 17:45,29.14
8/18/20 18:00,29.135
8/18/20 18:15,29.162
8/18/20 18:30,29.171
8/18/20 18:45,29.221
8/18/20 19:00,29.158
8/18/20 19:15,29.122
8/18/20 19:30,29.156
8/18/20 19:45,29.112
8/18/20 20:00,28.973
8/18/20 20:15,28.861
8/18/20 20:30,28.797
8/18/20 20:45,28.71
8/18/20 21:00,28.648
8/18/20 21:15,28.478
8/18/20 21:30,28.479
8/18/20 21:45,28.546
8/18/20 22:00,28.423
8/18/20 22:15,28.366
8/18/20 22:30,28.37
8/18/20 22:45,28.396
8/18/20 23:00,28.367
8/18/20 23:15,28.414
8/18/20 23:30,28.399
8/18/20 23:45,28.367
8/19/20 0:00,28.344
8/19/20 0:15,28.332
8/19/20 0:30,28.349
8/19/20 0:45,28.316
8/19/20 1:00,28.252
8/19/20 1:15,28.191
8/19/20 1:30,28.152
8/19/20 1:45,28.125
8/19/20 2:00,28.095
8/19/20 2:15,28.062
8/19/20 2:30,28.066
8/19/20 2:45,28.002
8/19/20 3:00,28.028
8/19/20 3:15,28.026
8/19/20 3:30,27.952
8/19/20 3:45,27.953
8/19/20 4:00,27.888
8/19/20 4:15,27.863
8/19/20 4:30,27.785
8/19/20 4:45,27.897
8/19/20 5:00,27.783
8/19/20 5:15,27.795
8/19/20 5:30,27.797
8/19/20 5:45,27.708
8/19/20 6:00,27.751
8/19/20 6:15,27.638
8/19/20 6:30,27.664
8/19/20 6:45,27.607
8/19/20 7:00,27.558
8/19/20 7:15,27.51
8/19/20 7:30,27.496
8/19/20 7:45,27.667
8/19/20 8:00,27.684
8/19/20 8:15,27.724
8/19/20 8:30,27.835
8/19/20 8:45,27.862
8/19/20 9:00,27.713
8/19/20 9:15,27.854
8/19/20 9:30,27.964
8/19/20 9:45,28.069
8/19/20 10:00,28.199
8/19/20 10:15,28.198
8/19/20 13:15,28.526
8/19/20 13:30,28.372
8/19/20 13:45,28.555
8/19/20 14:00,28.615
8/19/20 14:15,28.474
8/19/20 14:30,28.757
8/19/20 14:45,29.05
8/19/20 15:00,29.202
8/19/20 15:15,29.007
8/19/20 15:30,28.842
8/19/20 15:45,29.281
8/19/20 16:00,29.515
8/19/20 16:15,29.304
8/19/20 16:30,29.298
8/19/20 16:45,29.336
8/19/20 17:00,29.304
8/19/20 17:15,29.235
8/19/20 17:30,29.031
8/19/20 17:45,29.031
8/19/20 18:00,28.965
8/19/20 18:15,29.009
8/19/20 18:30,29.03
8/19/20 18:45,29.057
8/19/20 19:00,29.021
8/19/20 19:15,29.056
8/19/20 19:30,29.049
8/19/20 19:45,29.021
8/19/20 20:00,28.985
8/19/20 20:15,28.922
8/19/20 20:30,28.833
8/19/20 20:45,28.79
8/19/20 21:00,28.794
8/19/20 21:15,28.818
8/19/20 21:30,28.722
8/19/20 21:45,28.54
8/19/20 22:00,28.526
8/19/20 22:15,28.481
8/19/20 22:30,28.447
8/19/20 22:45,28.42
8/19/20 23:00,28.465
8/19/20 23:15,28.457
8/19/20 23:30,28.438
8/19/20 23:45,28.41
8/20/20 0:00,28.41
8/20/20 0:15,28.383
8/20/20 0:30,28.351
8/20/20 0:45,28.283
8/20/20 1:00,28.426
8/20/20 1:15,28.385
8/20/20 1:30,28.411
8/20/20 1:45,28.292
8/20/20 2:00,28.185
8/20/20 2:15,28.176
8/20/20 2:30,28.118
8/20/20 2:45,28.052
8/20/20 3:00,27.999
8/20/20 3:15,28.017
8/20/20 3:30,27.947
8/20/20 3:45,27.857
8/20/20 4:00,27.843
8/20/20 4:15,27.804
8/20/20 4:30,27.735
8/20/20 4:45,27.718
8/20/20 5:00,27.613
8/20/20 5:15,27.697
8/20/20 5:30,27.52
8/20/20 5:45,27.538
8/20/20 6:00,27.505
8/20/20 6:15,27.419
8/20/20 6:30,27.473
8/20/20 6:45,27.347
8/20/20 7:00,27.368
8/20/20 7:15,27.201
8/20/20 7:30,27.211
8/20/20 7:45,27.174
8/20/20 8:00,27.33
8/20/20 8:15,27.299
8/20/20 8:30,27.323
8/20/20 8:45,27.345
8/20/20 9:00,27.436
8/20/20 9:15,27.573
8/20/20 9:30,27.415
8/20/20 9:45,27.463
8/20/20 10:00,27.526
8/20/20 10:15,27.713
8/20/20 10:30,27.732
8/20/20 10:45,27.847
8/20/20 11:00,27.876
8/20/20 11:15,27.94
8/20/20 11:30,27.943
8/20/20 11:45,28.021
8/20/20 12:00,28.152
8/20/20 12:15,28.208
8/20/20 12:30,28.293
8/20/20 12:45,28.279
8/20/20 13:00,28.379
8/20/20 13:15,28.67
8/20/20 13:30,28.713
8/20/20 13:45,28.307
8/20/20 14:00,28.362
8/20/20 14:15,28.607
8/20/20 14:30,28.31
8/20/20 14:45,28.597
8/20/20 15:00,28.513
8/20/20 15:15,28.683
8/20/20 15:30,28.788
8/20/20 15:45,28.838
8/20/20 16:00,28.926
8/20/20 16:15,29.046
8/20/20 16:30,28.909
8/20/20 16:45,28.911
8/20/20 17:00,28.961
8/20/20 17:15,28.957
8/20/20 17:30,28.97
8/20/20 17:45,28.758
8/20/20 18:00,28.603
8/20/20 18:15,28.801
8/20/20 18:30,28.679
8/20/20 18:45,28.69
8/20/20 19:00,28.659
8/20/20 19:15,28.847
8/20/20 19:30,28.779
8/20/20 19:45,28.629
8/20/20 20:00,28.668
8/20/20 20:15,28.731
8/20/20 20:30,28.692
8/20/20 20:45,28.384
8/20/20 21:00,28.271
8/20/20 21:15,28.103
8/20/20 21:30,28.366
8/20/20 21:45,28.423
8/20/20 22:00,28.479
8/20/20 22:15,28.337
8/20/20 22:30,28.367
8/20/20 22:45,28.334
8/20/20 23:00,28.199
8/20/20 23:15,28.093
8/20/20 23:30,28.076
8/20/20 23:45,28.015
8/21/20 0:00,27.981
8/21/20 0:15,27.984
8/21/20 0:30,28.009
8/21/20 0:45,28.041
8/21/20 1:00,27.975
8/21/20 1:15,27.891
8/21/20 1:30,27.897
8/21/20 1:45,27.901
8/21/20 2:00,27.954
8/21/20 2:15,27.916
8/21/20 2:30,27.769
8/21/20 2:45,27.772
8/21/20 3:00,27.769
8/21/20 3:15,27.684
8/21/20 3:30,27.623
8/21/20 3:45,27.582
8/21/20 4:00,27.573
8/21/20 4:15,27.537
8/21/20 4:30,27.467
8/21/20 4:45,27.389
8/21/20 5:00,27.36
8/21/20 5:15,27.315
8/21/20 5:30,27.264
8/21/20 5:45,27.182
8/21/20 6:00,27.174
8/21/20 6:15,27.235
8/21/20 6:30,27.216
8/21/20 6:45,27.157
8/21/20 7:00,27.055
8/21/20 7:15,27.009
8/21/20 7:30,27.042
8/21/20 7:45,27.053
8/21/20 8:00,27.051
8/21/20 8:15,27.056
8/21/20 8:30,27.099
8/21/20 8:45,27.136
8/21/20 9:00,27.142
8/21/20 9:15,27.233
8/21/20 9:30,27.481
8/21/20 9:45,27.542
8/21/20 10:00,27.594
8/21/20 10:15,27.463
8/21/20 10:30,27.576
8/21/20 10:45,27.615
8/21/20 11:00,27.693
8/21/20 11:15,27.807
8/21/20 11:30,27.852
8/21/20 11:45,27.895
8/21/20 12:00,28.034
8/21/20 12:15,28.096
8/21/20 12:30,28.078
8/21/20 12:45,28.237
8/21/20 13:00,28.335
8/21/20 13:15,28.522
8/21/20 13:30,28.698
8/21/20 13:45,28.825
8/21/20 14:00,29.021
8/21/20 14:15,28.983
8/21/20 14:30,28.266
8/21/20 14:45,28.602
8/21/20 15:00,28.909
8/21/20 15:15,28.84
8/21/20 15:30,29.16
8/21/20 15:45,29.086
8/21/20 16:00,29.196
8/21/20 16:15,28.91
8/21/20 16:30,28.892
8/21/20 16:45,29.038
8/21/20 17:00,29.005
8/21/20 17:15,28.997
8/21/20 17:30,29.026
8/21/20 17:45,28.977
8/21/20 18:00,28.99
8/21/20 18:15,28.978
8/21/20 18:30,28.966
8/21/20 18:45,28.764
8/21/20 19:00,28.71
8/21/20 19:15,28.791
8/21/20 19:30,28.669
8/21/20 19:45,28.688
8/21/20 20:00,28.743
8/21/20 20:15,28.669
8/21/20 20:30,28.633
8/21/20 20:45,28.522
8/21/20 21:00,28.467
8/21/20 21:15,28.301
8/21/20 21:30,28.207
8/21/20 21:45,28.489
8/21/20 22:00,28.487
8/21/20 22:15,28.36
8/21/20 22:30,28.214
8/21/20 22:45,28.286
8/21/20 23:00,28.419
8/21/20 23:15,28.258
8/21/20 23:30,28.144
8/21/20 23:45,28.13
8/22/20 0:00,28.122
8/22/20 0:15,28.139
8/22/20 0:30,28.092
8/22/20 0:45,28.145
8/22/20 1:00,28.12
8/22/20 1:15,28.156
8/22/20 1:30,28.141
8/22/20 1:45,28.122
8/22/20 2:00,28.07
8/22/20 2:15,28.104
8/22/20 2:30,28.081
8/22/20 2:45,28.056
8/22/20 3:00,28.058
8/22/20 3:15,28.058
8/22/20 3:30,27.976
8/22/20 3:45,27.897
8/22/20 4:00,27.84
8/22/20 4:15,27.779
8/22/20 4:30,27.694
8/22/20 4:45,27.693
8/22/20 5:00,27.658
8/22/20 5:15,27.539
8/22/20 5:30,27.542
8/22/20 5:45,27.489
8/22/20 6:00,27.411
8/22/20 6:15,27.515
8/22/20 6:30,27.451
8/22/20 6:45,27.388
8/22/20 7:00,27.393
8/22/20 7:15,27.384
8/22/20 7:30,27.426
8/22/20 7:45,27.36
8/22/20 8:00,27.309
8/22/20 8:15,27.285
8/22/20 8:30,27.379
8/22/20 8:45,27.276
8/22/20 9:00,27.238
8/22/20 9:15,27.306
8/22/20 9:30,27.362
8/22/20 9:45,27.387
8/22/20 10:00,27.391
8/22/20 10:15,27.472
8/22/20 10:30,27.542
8/22/20 10:45,27.852
8/22/20 11:00,27.811
8/22/20 11:15,27.749
8/22/20 11:30,27.778
8/22/20 11:45,27.81
8/22/20 12:00,27.847
8/22/20 12:15,27.977
8/22/20 12:30,28.056
8/22/20 12:45,28.02
8/22/20 13:00,28.026
8/22/20 13:15,28.064
8/22/20 13:30,28.076
8/22/20 13:45,28.102
8/22/20 14:00,28.187
8/22/20 14:15,28.202
8/22/20 14:30,28.274
8/22/20 14:45,28.445
8/22/20 15:00,28.445
8/22/20 15:15,28.521
8/22/20 15:30,28.359
8/22/20 15:45,28.429
8/22/20 16:00,28.502
8/22/20 16:15,28.487
8/22/20 16:30,28.766
8/22/20 16:45,28.776
8/22/20 17:00,28.822
8/22/20 17:15,28.729
8/22/20 17:30,28.936
8/22/20 17:45,28.959
8/22/20 18:00,29.036
8/22/20 18:15,29.024
8/22/20 18:30,29.077
8/22/20 18:45,29.069
8/22/20 19:00,29.03
8/22/20 19:15,28.765
8/22/20 19:30,28.858
8/22/20 19:45,28.82
8/22/20 20:00,28.736
8/22/20 20:15,28.717
8/22/20 20:30,28.756
8/22/20 20:45,28.723
8/22/20 21:00,28.679
8/22/20 21:15,28.632
8/22/20 21:30,28.613
8/22/20 21:45,28.612
8/22/20 22:00,28.596
8/22/20 22:15,28.563
8/22/20 22:30,28.558
8/22/20 22:45,28.531
8/22/20 23:00,28.39
8/22/20 23:15,28.349
8/22/20 23:30,28.422
8/22/20 23:45,28.498
8/23/20 0:00,28.462
8/23/20 0:15,28.502
8/23/20 0:30,28.482
8/23/20 0:45,28.392
8/23/20 1:00,28.295
8/23/20 1:15,28.246
8/23/20 1:30,28.246
8/23/20 1:45,28.249
8/23/20 2:00,28.304
8/23/20 2:15,28.307
8/23/20 2:30,28.256
8/23/20 2:45,28.234
8/23/20 3:00,28.208
8/23/20 3:15,28.197
8/23/20 3:30,28.189
8/23/20 3:45,28.204
8/23/20 4:00,28.147
8/23/20 4:15,28.011
8/23/20 4:30,28.02
8/23/20 4:45,27.973
8/23/20 5:00,27.892
8/23/20 5:15,27.895
8/23/20 5:30,27.841
8/23/20 5:45,27.807
8/23/20 6:00,27.78
8/23/20 6:15,27.775
8/23/20 6:30,27.674
8/23/20 6:45,27.597
8/23/20 7:00,27.615
8/23/20 7:15,27.574
8/23/20 7:30,27.583
8/23/20 7:45,27.518
8/23/20 8:00,27.504
8/23/20 8:15,27.463
8/23/20 8:30,27.459
8/23/20 8:45,27.477
8/23/20 9:00,27.491
8/23/20 9:15,27.494
8/23/20 9:30,27.623
8/23/20 9:45,27.681
8/23/20 10:00,27.831
8/23/20 10:15,27.919
8/23/20 10:30,28.073
8/23/20 10:45,27.908
8/23/20 11:00,27.959
8/23/20 11:15,28.084
8/23/20 11:30,28.684
8/23/20 11:45,29.076
8/23/20 12:00,28.88
8/23/20 12:15,28.914
8/23/20 12:30,28.849
8/23/20 12:45,28.941
8/23/20 13:00,28.996
8/23/20 13:15,29.148
8/23/20 13:30,29.086
8/23/20 13:45,29.174
8/23/20 14:00,29.165
8/23/20 14:15,29.335
8/23/20 14:30,29.144
8/23/20 14:45,29.159
8/23/20 15:00,29.318
8/23/20 15:15,29.417
8/23/20 15:30,29.418
8/23/20 15:45,29.391
8/23/20 16:00,29.268
8/23/20 16:15,29.329
8/23/20 16:30,29.52
8/23/20 16:45,29.446
8/23/20 17:00,29.579
8/23/20 17:15,29.54
8/23/20 17:30,29.675
8/23/20 17:45,29.965
8/23/20 18:00,30.065
8/23/20 18:15,30.171
8/23/20 18:30,29.89
8/23/20 18:45,29.963
8/23/20 19:00,29.932
8/23/20 19:15,29.881
8/23/20 19:30,29.92
8/23/20 19:45,29.887
8/23/20 20:00,29.767
8/23/20 20:15,29.717
8/23/20 20:30,29.732
8/23/20 20:45,29.646
8/23/20 21:00,29.645
8/23/20 21:15,29.642
8/23/20 21:30,29.6
8/23/20 21:45,29.513
8/23/20 22:00,29.664
8/23/20 22:15,29.668
8/23/20 22:30,29.659
8/23/20 22:45,29.604
8/23/20 23:00,29.548
8/23/20 23:15,29.521
8/23/20 23:30,29.44
8/23/20 23:45,29.312
8/24/20 0:00,29.26
8/24/20 0:15,28.826
8/24/20 0:30,28.882
8/24/20 0:45,29.033
8/24/20 1:00,29.094
8/24/20 1:15,29.147
8/24/20 1:30,29.129
8/24/20 1:45,28.961
8/24/20 2:00,28.907
8/24/20 2:15,28.824
8/24/20 2:30,28.824
8/24/20 2:45,28.832
8/24/20 3:00,28.796
8/24/20 3:15,28.765
8/24/20 3:30,28.754
8/24/20 3:45,28.756
8/24/20 4:00,28.726
8/24/20 4:15,28.663
8/24/20 4:30,28.707
8/24/20 4:45,28.648
8/24/20 5:00,28.458
8/24/20 5:15,28.374
8/24/20 5:30,28.327
8/24/20 5:45,28.25
8/24/20 6:00,28.214
8/24/20 6:15,28.1
8/24/20 6:30,27.954
8/24/20 6:45,28.014
8/24/20 7:00,27.911
8/24/20 7:15,27.845
8/24/20 7:30,27.817
8/24/20 7:45,27.803
8/24/20 8:00,27.772
8/24/20 8:15,27.701
8/24/20 8:30,27.602
8/24/20 8:45,27.674
8/24/20 9:00,27.725
8/24/20 9:15,28.063
8/24/20 9:30,28.095
8/24/20 9:45,28.081
8/24/20 10:00,27.879
8/24/20 10:15,27.865
8/24/20 10:30,28.018
8/24/20 10:45,28.126
8/24/20 11:00,28.199
8/24/20 11:15,28.231
8/24/20 11:30,28.274
8/24/20 11:45,28.448
8/24/20 12:00,28.793
8/24/20 12:15,28.775
8/24/20 12:30,28.726
8/24/20 12:45,28.688
8/24/20 13:00,28.659
8/24/20 13:15,28.692
8/24/20 13:30,28.743
8/24/20 13:45,28.763
8/24/20 14:00,28.795
8/24/20 14:15,28.936
8/24/20 14:30,29.015
8/24/20 14:45,29.087
8/24/20 15:00,29.118
8/24/20 15:15,29.102
8/24/20 15:30,29.061
8/24/20 15:45,29.104
8/24/20 16:00,29.079
8/24/20 16:15,29.098
8/24/20 16:30,29.013
8/24/20 16:45,29.055
8/24/20 17:00,28.905
8/24/20 17:15,28.899
8/24/20 17:30,29.102
8/24/20 17:45,29.086
8/24/20 18:00,29.067
8/24/20 18:15,29.095
8/24/20 18:30,29.095
8/24/20 18:45,29.202
8/24/20 19:00,29.297
8/24/20 19:15,29.282
8/24/20 19:30,29.28
8/24/20 19:45,29.214
8/24/20 20:00,29.214
8/24/20 20:15,29.175
8/24/20 20:30,29.138
8/24/20 20:45,29.116
8/24/20 21:00,29.05
8/24/20 21:15,29.042
8/24/20 21:30,29.011
8/24/20 21:45,28.988
8/24/20 22:00,28.94
8/24/20 22:15,28.847
8/24/20 22:30,28.853
8/24/20 22:45,28.747
8/24/20 23:00,28.716
8/24/20 23:15,28.672
8/24/20 23:30,28.579
8/24/20 23:45,28.768
8/25/20 0:00,28.768
8/25/20 0:15,28.709
8/25/20 0:30,28.593
8/25/20 0:45,28.509
8/25/20 1:00,28.393
8/25/20 1:15,28.143
8/25/20 1:30,28.248
8/25/20 1:45,28.28
8/25/20 2:00,28.382
8/25/20 2:15,28.35
8/25/20 2:30,28.299
8/25/20 2:45,28.297
8/25/20 3:00,28.256
8/25/20 3:15,28.298
8/25/20 3:30,28.263
8/25/20 3:45,28.155
8/25/20 4:00,28.108
8/25/20 4:15,28.114
8/25/20 4:30,28.063
8/25/20 4:45,28.022
8/25/20 5:00,28.021
8/25/20 5:15,27.96
8/25/20 5:30,27.984
8/25/20 5:45,28.011
8/25/20 6:00,27.993
8/25/20 6:15,27.675
8/25/20 6:30,27.679
8/25/20 6:45,27.406
8/25/20 7:00,27.498
8/25/20 7:15,27.526
8/25/20 7:30,27.435
8/25/20 7:45,27.372
8/25/20 8:00,27.344
8/25/20 8:15,27.629
8/25/20 8:30,27.719
8/25/20 8:45,27.297
8/25/20 9:00,27.301
8/25/20 9:15,27.375
8/25/20 9:30,27.761
8/25/20 9:45,27.832
8/25/20 10:00,27.882
8/25/20 10:15,27.942
8/25/20 10:30,27.981
8/25/20 10:45,28.264
8/25/20 11:00,28.256
8/25/20 11:15,28.236
8/25/20 11:30,28.751
8/25/20 11:45,28.96
8/25/20 12:00,29.009
8/25/20 12:15,28.71
8/25/20 12:30,28.821
8/25/20 12:45,29.406
8/25/20 13:00,29.538
8/25/20 13:15,30.046
8/25/20 13:30,29.674
8/25/20 13:45,29.612
8/25/20 14:00,29.747
8/25/20 14:15,29.831
8/25/20 14:30,29.866
8/25/20 14:45,29.837
8/25/20 15:00,29.752
8/25/20 15:15,29.753
8/25/20 15:30,29.836
8/25/20 15:45,29.878
8/25/20 16:00,29.813
8/25/20 16:15,29.626
8/25/20 16:30,29.486
8/25/20 16:45,29.792
8/25/20 17:00,29.967
8/25/20 17:15,29.943
8/25/20 17:30,29.747
8/25/20 17:45,29.799
8/25/20 18:00,29.532
8/25/20 18:15,29.542
8/25/20 18:30,29.663
8/25/20 18:45,29.638
8/25/20 19:00,29.628
8/25/20 19:15,29.632
8/25/20 19:30,29.63
8/25/20 19:45,29.672
8/25/20 20:00,29.689
8/25/20 20:15,29.521
8/25/20 20:30,29.576
8/25/20 20:45,29.479
8/25/20 21:00,29.459
8/25/20 21:15,29.459
8/25/20 21:30,29.384
8/25/20 21:45,29.4
8/25/20 22:00,29.367
8/25/20 22:15,29.281
8/25/20 22:30,29.216
8/25/20 22:45,29.206
8/25/20 23:00,29.639
8/25/20 23:15,29.699
8/25/20 23:30,29.711
8/25/20 23:45,29.677
8/26/20 0:00,29.618
8/26/20 0:15,29.588
8/26/20 0:30,29.508
8/26/20 0:45,29.507
8/26/20 1:00,29.485
8/26/20 1:15,29.482
8/26/20 1:30,29.496
8/26/20 1:45,29.481
8/26/20 2:00,29.463
8/26/20 2:15,29.305
8/26/20 2:30,29.108
8/26/20 2:45,28.994
8/26/20 3:00,28.808
8/26/20 3:15,28.8
8/26/20 3:30,28.793
8/26/20 3:45,28.894
8/26/20 4:00,28.727
8/26/20 4:15,28.655
8/26/20 4:30,28.534
8/26/20 4:45,28.547
8/26/20 5:00,28.516
8/26/20 5:15,28.559
8/26/20 5:30,28.531
8/26/20 5:45,28.508
8/26/20 6:00,28.442
8/26/20 6:15,28.423
8/26/20 6:30,28.39
8/26/20 6:45,28.398
8/26/20 7:00,28.399
8/26/20 7:15,28.335
8/26/20 7:30,28.213
8/26/20 7:45,28.078
8/26/20 8:00,27.923
8/26/20 8:15,28.013
8/26/20 8:30,27.975
8/26/20 8:45,27.949
8/26/20 9:00,27.961
8/26/20 9:15,27.968
8/26/20 9:30,28.043
8/26/20 9:45,28.068
8/26/20 10:00,28.106
8/26/20 10:15,28.292
8/26/20 10:30,28.285
8/26/20 10:45,28.327
8/26/20 11:00,28.348
8/26/20 11:15,28.387
8/26/20 11:30,28.519
8/26/20 11:45,28.582
8/26/20 12:00,28.851
8/26/20 12:15,29.302
8/26/20 12:30,29.476
8/26/20 12:45,29.404
8/26/20 13:00,29.427
8/26/20 13:15,29.744
8/26/20 13:30,29.785
8/26/20 13:45,29.906
8/26/20 14:00,30.222
5/26/22,21.5
6/2/22,29.2
6/9/22,26.7
6/16/22,25.1
6/23/22,24.2
6/30/22,28.6
7/7/22,28.5
7/14/22,28
7/21/22,29.5
7/28/22,29.5
8/4/22,29.5
8/11/22,27.1
8/18/22,26.1
02-Jun-22,25.5
09-Jun-22,26.7
30-Jun-22,25.9
07-Jul-22,28.6
14-Jul-22,27.6
28-Jul-22,28.8
04-Aug-22,29.4
11-Aug-22,29.1
18-Aug-22,26
25-Aug-22,27.8
01-Sep-22,28.6
08-Sep-22,27.4
15-Sep-22,26
06-Oct-22,17.5
20-May-21,20.9
27-May-21,24
10-Jun-21,26
17-Jun-21,26.1
24-Jun-21,25.8
30-Jun-21,28.4
15-Jul-21,29
22-Jul-21,28.3
29-Jul-21,28.5
05-Aug-21,26
12-Aug-21,28.5
19-Aug-21,29.2
26-Aug-21,29.7
09-Sep-21,26.3
16-Sep-21,26.4
30-Sep-21,23.6
06-Oct-21,24.1
18-Jun-20,22.5
25-Jun-20,26.5
02-Jul-20,27.4
09-Jul-20,28.8
16-Jul-20,29.4
23-Jul-20,30.5
30-Jul-20,30.5
06-Aug-20,29.2
13-Aug-20,29.9
20-Aug-20,27.8
03-Sep-20,28.1
10-Sep-20,27.1
17-Sep-20,25
24-Sep-20,20.7
01-Oct-20,21.2
23-May-19,23.4
30-May-19,26.6
20-Jun-19,26
27-Jun-19,27.3
03-Jul-19,28.5
11-Jul-19,29.4
25-Jul-19,27.9
01-Aug-19,28.2
08-Aug-19,28.1
15-Aug-19,28.3
22-Aug-19,29.1
05-Sep-19,27.2
12-Sep-19,27.1
26-Sep-19,24.9
24-May-18,25.1
31-May-18,25.7
07-Jun-18,25.5
14-Jun-18,26.2
21-Jun-18,28.6
28-Jun-18,27.8
03-Jul-18,29.8
12-Jul-18,28.2
19-Jul-18,28
26-Jul-18,26.4
02-Aug-18,27.6
09-Aug-18,29.2
16-Aug-18,28.9
30-Aug-18,28.7
06-Sep-18,30.2
20-Sep-18,26.9
27-Sep-18,26.4
04-Oct-18,25.2
01-Jun-17,23.8
08-Jun-17,23.4
15-Jun-17,26.6
29-Jun-17,26.7
06-Jul-17,28.2
13-Jul-17,29.5
20-Jul-17,29.7
27-Jul-17,28.8
03-Aug-17,27.4
10-Aug-17,26.7
17-Aug-17,28
24-Aug-17,29
31-Aug-17,25
07-Sep-17,24.5
14-Sep-17,23.7
21-Sep-17,24.7
05-Oct-17,22.6
26-May-16,20.9
02-Jun-16,24.3
09-Jun-16,24.9
16-Jun-16,25.6
30-Jun-16,26.7
07-Jul-16,27.7
14-Jul-16,29.4
21-Jul-16,
28-Jul-16,31
04-Aug-16,29.1
11-Aug-16,29.2
18-Aug-16,30.3
25-Aug-16,28.1
01-Sep-16,28.9
08-Sep-16,26.4
15-Sep-16,26.7
29-Sep-16,24.2
28-May-15,24.1
11-Jun-15,25.4
18-Jun-15,28.6
25-Jun-15,29.4
02-Jul-15,27.7
09-Jul-15,28.3
16-Jul-15,27.8
23-Jul-15,28.7
30-Jul-15,28.8
13-Aug-15,27
20-Aug-15,27.9
27-Aug-15,26.6
03-Sep-15,26.7
10-Sep-15,27.7
17-Sep-15,25.2
30-Sep-15,23.9
29-May-14,24.1
12-Jun-14,26.1
19-Jun-14,28.2
26-Jun-14,27.8
02-Jul-14,27.8
10-Jul-14,27
17-Jul-14,27.1
31-Jul-14,26.6
07-Aug-14,27.1
14-Aug-14,26.2
21-Aug-14,27
04-Sep-14,27.9
11-Sep-14,25.7
18-Sep-14,24.2
02-Oct-14,22.9
30-May-13,23
06-Jun-13,24.1
13-Jun-13,26.3
20-Jun-13,24
27-Jun-13,27.3
03-Jul-13,26.7
11-Jul-13,28.2
18-Jul-13,29.4
08-Aug-13,26.3
15-Aug-13,26
22-Aug-13,26.2
29-Aug-13,26.5
05-Sep-13,26.8
12-Sep-13,26.5
19-Sep-13,
26-Sep-13,22.5
31-May-12,25.1
07-Jun-12,23.3
14-Jun-12,24.9
21-Jun-12,26
28-Jun-12,26.4
05-Jul-12,29.3
12-Jul-12,28.7
19-Jul-12,29.8
02-Aug-12,29.1
09-Aug-12,28.6
16-Aug-12,27.8
23-Aug-12,26.8
06-Sep-12,28.2
13-Sep-12,25
20-Sep-12,23.1
27-Sep-12,22.5
02-Jun-11,27.2
09-Jun-11,26.8
16-Jun-11,26.5
23-Jun-11,26.6
30-Jun-11,27.2
07-Jul-11,27
14-Jul-11,28.9
21-Jul-11,28.8
28-Jul-11,
04-Aug-11,29.8
11-Aug-11,29.2
18-Aug-11,27.5
25-Aug-11,27.2
01-Sep-11,25.1
08-Sep-11,25.9
15-Sep-11,26.4
22-Sep-11,23.7
29-Sep-11,24.3
03-Jun-10,26.2
10-Jun-10,25.4
17-Jun-10,27.5
24-Jun-10,29.6
01-Jul-10,27.9
08-Jul-10,28.4
15-Jul-10,28.6
22-Jul-10,29.2
29-Jul-10,28.8
05-Aug-10,27.8
12-Aug-10,29.5
19-Aug-10,28.1
26-Aug-10,27.2
02-Sep-10,28.1
09-Sep-10,25.5
23-Sep-10,24.7